rainfall,soil_moisture,vibration,humidity,temperature,risk
37.45,75.76,0.017,43.11,14.29,1
86.62,82.32,0.1231,39.9,30.07,2
83.24,51.6,0.0363,69.81,19.48,2
29.12,49.91,0.015,50.44,20.87,1
45.61,67.84,0.0898,37.35,24.87,1
17.05,12.95,0.2974,89.64,30.32,0
30.46,24.06,0.013,62.76,14.16,1
90.93,68.57,0.1086,57.8,20.85,2
54.67,44.8,0.0093,47.23,13.17,1
32.53,43.3,0.0317,82.98,20.51,1
28.09,49.99,0.0077,92.02,29.04,1
19.87,16.3,0.169,74.4,28.59,0
77.13,40.36,0.1989,75.11,17.76,1
6.36,26.55,0.0393,74.41,27.43,0
88.72,70.91,0.143,72.55,25.98,2
49.38,52.66,0.0558,36.46,14.69,1
3.14,43.54,0.2381,45.27,23.05,0
75.56,41.72,0.008,54.94,14.45,1
92.97,92.17,0.1628,50.49,28.2,2
53.93,73.59,0.2264,54.47,14.5,2
22.79,41.95,0.0007,62.92,22.21,1
22.21,26.18,0.0412,88.8,20.35,0
51.88,67.19,0.3282,50.29,22.35,1
30.09,35.9,0.0038,69.58,23.55,1
5.15,25.03,0.0157,59.88,34.46,0
24.21,54.8,0.1434,46.68,28.35,1
36.78,59.26,0.0095,83.8,19.58,1
18.65,30.45,0.0894,72.52,14.4,0
51.21,36.5,0.1174,58.33,31.17,1
13.75,34.92,0.012,86.86,31.86,0
25.79,54.45,0.0754,47.09,15.57,1
89.72,97.45,0.1003,59.31,17.5,2
72.6,85.15,0.1027,42.31,14.6,2
89.86,78.0,0.0009,45.07,23.78,2
0.51,27.57,0.1055,43.51,29.22,0
23.72,38.13,0.1372,71.35,30.8,0
65.76,63.49,0.0308,51.22,31.17,1
39.31,66.56,0.0997,81.62,23.09,1
57.69,60.83,0.033,37.23,25.02,1
17.71,59.82,0.3078,86.66,21.52,0
1.55,59.4,0.3314,81.34,20.81,0
38.51,67.6,0.0381,44.02,24.21,1
93.62,77.83,0.0955,98.76,13.12,2
51.83,75.37,0.135,77.0,26.46,2
35.95,41.63,0.2018,88.39,23.43,1
50.15,72.54,0.105,77.13,28.41,2
89.0,58.64,0.0863,41.06,19.86,2
54.26,44.85,0.0894,37.26,13.03,1
82.26,61.23,0.147,51.18,23.34,2
8.53,10.61,0.0758,63.29,27.32,0
72.61,77.71,0.1586,53.51,20.15,2
7.85,15.34,0.3287,80.94,28.53,0
40.9,32.65,0.0797,76.97,26.16,1
27.99,65.67,0.1339,66.06,25.83,1
41.96,45.51,0.0014,41.16,13.82,1
4.07,50.86,0.1216,58.86,16.75,0
49.16,52.08,0.0508,71.87,25.24,1
4.53,24.3,0.0983,60.64,31.9,0
65.87,45.49,0.0027,71.73,30.51,1
57.55,49.43,0.1031,63.25,23.03,1
94.15,68.37,0.0074,58.55,27.19,2
2.33,48.54,0.0331,37.32,28.82,0
62.89,83.1,0.0331,46.94,26.87,2
80.68,94.95,0.0532,60.39,26.49,2
34.08,69.08,0.139,78.68,15.36,1
90.26,76.86,0.1751,58.23,28.4,2
38.92,27.73,0.3008,68.3,25.69,1
44.84,41.95,0.0398,74.84,27.81,1
79.16,81.08,0.0059,70.89,19.87,2
88.77,58.57,0.0125,47.46,25.79,2
61.82,41.01,0.0076,85.49,26.03,1
8.13,14.96,0.4315,53.27,22.01,2
81.28,86.28,0.1501,71.63,19.42,2
90.64,50.75,0.0679,39.74,19.84,2
5.63,19.81,0.1371,65.57,33.96,0
37.49,35.14,0.203,47.16,32.39,1
1.22,60.1,0.0077,63.35,34.33,0
52.31,62.46,0.119,62.5,24.94,1
58.43,89.38,0.0325,47.13,21.35,2
35.34,49.28,0.0081,92.0,32.96,1
69.82,69.48,0.1154,46.74,29.73,1
82.25,87.51,0.1294,75.03,19.25,2
93.27,96.51,0.4364,48.35,22.22,2
38.09,71.39,0.1846,84.11,22.47,1
41.48,40.29,0.1465,90.83,29.92,1
24.73,42.66,0.0138,89.72,25.89,1
22.86,45.06,0.0121,72.58,24.26,1
77.23,73.29,0.1912,70.84,22.36,2
87.67,68.47,0.1218,51.54,13.34,2
1.45,34.95,0.0891,53.68,23.68,0
90.42,71.09,0.0505,76.37,27.73,2
94.95,55.7,0.2612,69.02,15.42,2
45.91,67.03,0.1003,49.0,14.22,1
12.89,21.11,0.0165,39.62,27.17,0
18.19,34.25,0.1101,42.16,17.94,0
4.09,24.86,0.0327,41.03,16.57,0
12.06,35.1,0.07,72.63,15.18,0
79.94,67.38,0.0085,90.41,29.42,1
6.11,29.36,0.0204,43.17,22.1,0
48.45,64.08,0.046,62.6,27.53,1
3.67,26.97,0.0717,62.29,16.96,0
44.74,56.08,0.0278,50.63,20.31,1
2.01,23.67,0.0128,83.63,26.77,0
67.91,71.21,0.069,42.01,22.35,2
58.68,65.56,0.0334,57.65,24.98,1
57.08,49.68,0.4306,72.05,16.89,2
10.18,18.46,0.0206,48.12,17.96,0
89.68,47.45,0.0743,63.59,30.16,2
11.2,31.49,0.0187,71.24,33.03,0
55.68,64.63,0.0328,81.74,15.96,1
32.37,36.08,0.0122,69.87,19.15,1
58.12,41.21,0.0656,67.77,13.13,1
33.66,35.22,0.0294,74.26,28.52,1
59.56,54.52,0.0531,56.89,30.61,1
83.06,93.33,0.2786,49.18,12.18,2
74.11,65.35,0.1844,45.8,27.2,1
20.16,28.22,0.1094,63.4,21.17,0
87.72,62.61,0.1696,65.12,18.15,2
46.27,43.67,0.0264,88.6,20.36,1
54.36,85.45,0.0979,42.45,31.08,2
62.77,53.55,0.0968,68.28,29.74,1
78.86,47.05,0.0374,52.8,25.94,1
3.35,42.23,0.0419,79.61,17.04,0
84.65,51.9,0.0506,86.3,13.77,2
22.93,59.63,0.1184,64.86,18.89,1
34.57,39.69,0.2391,68.46,21.29,1
46.2,77.24,0.0705,71.31,13.05,1
87.21,85.86,0.0833,80.52,29.09,2
70.72,55.33,0.0552,81.26,30.15,1
92.56,76.29,0.012,98.35,27.15,2
12.47,61.31,0.0895,55.19,15.47,0
33.52,69.02,0.0005,53.36,21.29,1
53.74,71.04,0.1338,62.51,16.81,2
45.24,28.67,0.0194,64.43,21.12,1
91.48,73.96,0.0013,78.96,13.99,2
96.11,61.51,0.0536,44.73,30.13,2
50.22,59.93,0.0236,88.91,16.59,1
19.07,19.33,0.0639,65.8,15.36,0
77.55,50.43,0.0512,71.33,14.23,1
18.19,65.82,0.2921,54.22,19.51,0
64.4,60.88,0.0027,49.76,16.4,1
67.19,44.22,0.011,84.71,15.21,1
65.27,46.82,0.1281,87.87,28.34,1
39.72,57.42,0.0229,51.56,30.94,1
1.3,16.43,0.0547,83.69,31.28,0
34.18,30.39,0.0478,68.84,18.65,1
62.41,45.03,0.0349,93.15,27.15,1
14.01,67.51,0.0668,85.07,30.3,0
42.52,29.67,0.1004,49.73,15.66,1
83.49,84.07,0.0746,48.65,16.27,2
1.84,57.43,0.032,63.43,27.94,0
82.97,48.62,0.0011,46.51,28.85,2
87.39,83.15,0.0193,93.6,19.01,2
38.31,56.34,0.0048,43.81,27.84,1
8.28,40.41,0.0341,52.17,28.97,0
29.71,43.17,0.0646,72.79,32.25,1
73.26,47.17,0.0686,73.14,18.02,1
77.09,46.78,0.0078,81.4,21.06,1
68.84,62.82,0.1607,78.57,17.0,1
59.02,48.85,0.0096,90.94,14.79,1
95.02,71.2,0.2063,83.44,26.38,2
65.88,64.29,0.1892,51.57,21.49,1
22.12,70.38,0.0199,66.29,32.2,1
3.39,47.27,0.0353,85.8,34.25,0
94.43,71.62,0.0384,89.18,11.02,2
59.63,45.5,0.0128,40.58,25.94,1
33.99,58.9,0.0775,80.84,19.68,1
62.59,77.14,0.0957,50.24,12.36,2
87.01,46.28,0.2798,86.63,30.61,2
35.07,67.72,0.0514,62.3,25.8,1
87.37,91.92,0.0547,82.99,15.41,2
11.05,39.42,0.0339,48.88,19.12,0
4.21,12.4,0.0485,71.2,19.15,0
95.0,88.49,0.0094,64.55,27.83,2
94.47,65.55,0.4729,53.35,29.13,2
64.96,68.28,0.0719,50.34,15.28,1
22.05,24.95,0.006,90.35,31.57,0
92.78,100.0,0.0191,63.05,25.53,2
69.6,42.77,0.0253,69.18,23.38,1
58.01,40.94,0.2099,51.74,14.69,1
88.87,94.76,0.1065,71.94,12.3,2
40.85,46.64,0.0301,77.49,22.88,1
8.1,21.66,0.1905,60.52,24.21,0
59.24,76.05,0.0427,76.61,23.35,2
26.7,67.57,0.1901,84.71,27.83,1
83.7,83.9,0.114,75.49,25.87,2
15.86,59.55,0.0408,76.2,17.42,0
81.8,85.06,0.0708,38.56,16.65,2
61.69,76.94,0.1005,68.57,27.51,2
10.7,56.06,0.0779,88.85,21.3,0
63.26,79.67,0.0358,78.82,13.18,2
58.22,51.55,0.097,38.57,29.52,1
97.35,94.59,0.142,41.21,10.58,2
32.36,49.26,0.1471,74.23,22.3,1
27.36,63.56,0.0179,80.42,27.51,1
22.08,11.96,0.1141,71.48,19.36,0
95.09,58.84,0.0544,77.82,18.2,2
27.42,69.67,0.0527,86.39,18.23,1
21.31,13.82,0.1998,60.52,33.3,0
18.55,68.07,0.1499,78.11,30.97,0
76.1,72.73,0.1592,66.5,13.54,2
12.52,52.83,0.0563,43.28,24.21,0
6.42,45.87,0.0372,57.96,14.91,0
7.24,29.26,0.0654,66.73,20.47,0
69.5,75.97,0.0277,96.15,14.38,2
49.89,60.62,0.1212,68.57,12.7,1
32.65,47.71,0.0034,37.98,21.31,1
13.27,40.28,0.1169,79.36,18.34,0
16.75,28.92,0.0032,87.85,15.2,0
54.13,71.73,0.2048,78.26,28.33,2
33.95,70.91,0.0602,72.01,23.83,1
73.16,44.33,0.0062,52.14,14.53,1
87.18,58.45,0.1075,68.61,21.75,2
71.92,47.32,0.5609,95.68,24.41,2
19.95,50.71,0.2027,75.63,28.86,0
42.55,35.97,0.0464,93.51,13.67,1
86.7,82.03,0.0667,91.08,28.68,2
42.17,38.42,0.0897,88.96,17.1,1
62.3,63.37,0.1258,90.77,15.48,1
23.75,70.05,0.02,83.64,23.66,1
24.72,67.29,0.0445,68.05,17.03,1
39.11,59.87,0.0299,73.32,19.55,1
77.35,47.25,0.0269,42.14,14.53,1
51.98,50.03,0.1765,61.05,17.38,1
61.71,68.28,0.0037,80.36,25.19,1
47.46,69.45,0.1638,69.87,29.99,1
20.58,23.47,0.0758,88.25,14.76,0
12.21,37.31,0.2716,50.19,24.53,0
4.16,23.66,0.0606,61.35,24.57,0
66.69,45.39,0.003,55.14,25.76,1
20.19,48.63,0.2026,42.65,27.84,1
83.81,100.0,0.115,68.21,23.17,2
86.89,78.81,0.0243,78.22,18.53,2
65.12,47.31,0.1072,96.48,12.71,1
97.72,71.04,0.0837,84.08,27.68,2
40.41,44.63,0.1101,82.51,28.23,1
79.78,62.94,0.0786,38.32,17.5,1
36.65,45.09,0.1189,56.98,22.14,1
23.75,46.37,0.0966,60.19,21.41,1
86.33,75.54,0.0652,40.17,17.51,2
38.02,50.26,0.0936,79.69,29.36,1
71.81,98.7,0.0018,48.93,11.56,2
64.75,81.32,0.0062,92.54,18.8,2
10.14,38.04,0.0297,48.11,20.64,0
80.3,73.67,0.1259,54.39,19.26,2
12.19,16.08,0.1143,42.11,24.89,0
70.9,35.74,0.3295,66.1,27.57,1
55.02,36.38,0.1003,92.59,24.28,1
81.92,83.47,0.0944,62.85,27.7,2
90.0,60.36,0.027,85.83,16.0,2
82.26,60.72,0.0978,65.33,22.62,2
16.8,54.96,0.1986,44.68,16.07,0
2.36,47.86,0.0264,53.69,26.77,0
49.68,90.31,0.0147,76.68,20.6,1
42.82,65.85,0.032,39.05,14.57,1
89.42,63.5,0.0391,52.54,17.63,2
6.94,39.9,0.2121,69.75,25.31,0
32.43,31.84,0.1107,92.89,26.62,1
55.78,65.32,0.0826,93.04,15.72,1
69.0,47.37,0.0767,42.7,20.56,1
75.62,63.08,0.262,51.64,19.21,1
15.24,68.77,0.2617,63.92,31.08,0
52.1,62.98,0.0137,84.77,28.04,1
70.87,38.61,0.0361,52.87,18.66,1
8.76,51.17,0.0506,57.71,26.57,0
51.57,79.14,0.0687,94.69,29.45,2
20.85,65.28,0.0479,84.76,31.32,1
80.59,81.24,0.0363,42.91,19.03,2
17.35,51.83,0.1024,81.08,16.78,0
86.2,90.57,0.0668,75.0,25.99,2
17.48,36.8,0.0458,35.84,14.64,0
13.52,62.04,0.0797,89.3,22.97,0
31.18,43.08,0.1024,46.08,25.83,1
65.02,42.89,0.0063,83.35,20.95,1
5.82,62.81,0.4115,44.93,17.55,2
12.14,28.33,0.0107,72.74,15.64,0
50.94,82.4,0.0366,72.53,22.99,2
42.61,39.53,0.2177,61.25,16.76,1
36.78,48.12,0.1467,34.34,21.48,1
48.13,34.01,0.0301,80.43,15.34,1
53.53,42.1,0.0116,68.23,21.41,1
84.44,51.57,0.067,47.45,17.27,2
73.74,56.44,0.0615,84.47,29.15,1
95.53,79.49,0.0379,80.84,18.98,2
25.47,73.02,0.1077,86.25,26.46,1
61.39,34.86,0.0731,45.15,26.68,1
51.22,62.67,0.0074,35.85,31.57,1
73.75,58.09,0.0352,58.36,26.81,1
66.14,51.64,0.0308,37.87,13.34,1
96.79,67.08,0.1466,77.16,17.8,2
20.57,30.94,0.1033,63.88,14.81,0
96.85,91.46,0.0346,98.48,22.2,2
58.24,73.39,0.0137,56.12,30.65,2
22.46,42.96,0.0566,58.61,26.14,1
94.31,58.65,0.218,78.18,16.0,2
81.59,84.32,0.1874,93.3,15.97,2
75.5,65.68,0.1498,76.92,14.77,1
54.5,84.71,0.2771,38.04,15.57,2
13.17,48.93,0.0705,81.76,29.0,0
54.22,64.14,0.071,53.28,23.59,1
68.89,87.67,0.0174,64.58,11.74,2
24.67,59.56,0.4805,38.42,21.8,2
80.01,60.55,0.0957,49.28,18.11,2
78.38,71.04,0.0005,83.5,11.79,2
74.57,49.35,0.0396,46.39,17.38,1
87.67,96.98,0.0459,65.68,25.06,2
88.62,68.01,0.1189,39.06,22.96,2
35.55,55.13,0.0098,68.85,22.84,1
64.23,46.65,0.0822,72.63,25.32,1
80.5,65.72,0.1743,67.95,12.52,2
5.86,32.54,0.1554,61.62,23.51,0
14.75,37.08,0.0569,36.79,18.67,0
59.82,65.59,0.1011,83.12,14.38,1
40.99,77.66,0.0484,68.41,24.71,1
18.45,36.2,0.0355,88.29,19.26,0
42.97,61.98,0.1845,45.46,28.9,1
45.82,52.34,0.0574,78.35,28.02,1
15.89,55.73,0.0145,76.67,27.34,0
95.66,51.21,0.0303,54.38,28.34,2
24.95,32.56,0.1425,59.48,29.29,0
6.54,24.87,0.0427,84.64,15.11,0
66.38,89.14,0.0821,92.85,12.73,2
41.88,43.73,0.0221,68.11,22.18,1
97.2,73.04,0.043,46.57,13.16,2
22.53,32.56,0.0741,39.14,31.08,0
72.28,48.04,0.123,69.84,13.02,1
45.83,54.75,0.062,59.29,25.73,1
54.54,39.45,0.0718,83.84,21.46,1
5.2,48.16,0.018,50.33,29.88,0
51.94,37.02,0.2102,87.97,29.81,1
23.88,46.53,0.0774,62.26,15.92,1
65.68,76.99,0.0479,83.1,31.01,2
20.38,48.91,0.0862,70.11,29.94,1
39.6,68.25,0.0761,43.44,26.94,1
79.33,55.89,0.0204,91.57,24.12,1
15.21,36.08,0.0955,36.53,31.89,0
80.36,67.01,0.4142,78.11,23.68,2
16.6,63.0,0.0558,41.39,14.42,0
55.98,61.66,0.0083,79.49,15.95,1
85.82,86.91,0.0778,81.2,17.0,2
47.12,59.32,0.0682,84.41,19.35,1
17.38,49.51,0.1749,37.78,18.93,0
14.2,41.15,0.1053,68.68,21.34,0
84.14,65.61,0.3868,76.46,13.32,2
67.62,50.98,0.0192,88.11,16.16,1
83.7,58.45,0.103,80.02,21.07,2
30.53,35.41,0.205,79.02,29.24,1
66.5,50.51,0.2377,76.89,22.88,1
11.1,42.33,0.0791,53.93,33.98,0
11.07,34.95,0.0043,75.5,32.81,0
28.0,66.68,0.1402,81.09,13.96,1
96.28,83.55,0.0363,89.39,15.82,2
87.28,52.38,0.0102,53.24,10.88,2
46.88,53.0,0.0912,52.52,18.65,1
74.32,46.89,0.2228,48.55,12.86,1
23.95,67.86,0.0035,67.36,33.71,1
85.57,65.66,0.0099,93.13,24.11,2
82.93,88.31,0.0848,69.34,19.46,2
31.69,46.96,0.223,59.77,25.56,1
63.13,71.71,0.1213,50.56,22.09,2
10.42,44.25,0.3006,67.08,29.35,0
50.63,61.08,0.0074,50.33,19.71,1
47.25,29.04,0.3559,54.61,22.28,1
19.61,44.92,0.0329,44.38,24.35,0
0.55,9.06,0.1622,64.38,25.23,0
29.35,64.57,0.0506,38.16,25.87,1
11.38,37.19,0.068,73.27,34.29,0
13.15,29.1,0.0502,56.62,22.56,0
90.76,74.1,0.1736,96.38,26.89,2
0.16,46.36,0.0052,45.47,16.18,0
60.38,67.14,0.0609,58.18,14.4,1
41.89,59.86,0.0074,39.0,20.0,1
94.17,75.65,0.0901,40.03,23.01,2
91.33,84.21,0.2069,82.57,12.84,2
90.25,43.7,0.0012,64.35,16.39,2
48.6,58.84,0.0045,42.24,23.74,1
34.32,65.03,0.1179,59.23,26.74,1
27.54,38.47,0.1556,59.54,29.59,0
82.24,85.1,0.0384,73.16,18.31,2
60.11,73.38,0.1166,58.48,15.33,2
43.05,32.81,0.0168,35.83,25.76,1
63.69,56.4,0.0074,60.95,18.04,1
67.71,61.2,0.4426,64.01,25.38,2
14.06,36.94,0.0028,61.73,33.58,0
38.42,26.88,0.0174,35.24,28.2,1
45.85,40.95,0.2303,41.55,31.83,1
31.4,72.84,0.4136,50.44,32.65,2
38.95,46.7,0.0416,66.38,16.14,1
55.37,62.42,0.0581,53.68,17.42,1
19.46,23.17,0.0419,48.16,33.36,0
55.77,44.31,0.0587,73.15,21.99,1
40.18,76.96,0.2123,71.42,24.38,1
62.07,42.57,0.0645,68.79,16.45,1
96.4,93.5,0.1281,71.64,27.58,2
13.07,56.1,0.0323,83.93,33.23,0
14.88,37.37,0.3963,60.49,31.53,0
58.87,47.79,0.1435,59.08,22.28,1
49.23,55.29,0.2007,93.77,20.69,1
82.75,84.11,0.0224,44.83,27.94,2
43.91,70.36,0.2236,38.14,30.47,1
44.83,56.73,0.0019,63.09,26.51,1
72.27,74.51,0.0144,55.19,18.56,2
80.44,60.88,0.0349,38.9,25.74,2
83.41,82.96,0.0154,83.55,26.21,2
65.85,76.4,0.0093,65.84,13.26,2
40.75,52.01,0.0068,55.0,15.18,1
80.82,80.25,0.008,68.12,26.85,2
70.71,41.86,0.0076,61.24,17.37,1
23.24,37.49,0.0388,60.91,18.36,0
64.05,83.6,0.0925,57.87,24.75,2
12.29,44.25,0.0882,68.72,15.82,0
68.26,50.32,0.1252,86.18,27.67,1
55.25,60.07,0.0317,65.33,17.92,1
13.38,44.29,0.0056,76.26,20.68,0
0.01,33.92,0.1828,30.23,19.94,0
74.09,56.23,0.0107,59.02,16.7,1
84.27,60.69,0.0569,93.02,18.33,2
96.41,54.0,0.1162,69.27,17.93,2
63.27,75.33,0.3383,81.99,30.85,2
70.25,59.18,0.0111,83.93,24.37,1
4.82,29.93,0.0567,57.94,18.94,0
36.87,46.24,0.0054,79.74,21.49,1
82.22,88.52,0.0639,91.03,15.2,2
67.78,61.81,0.035,44.97,24.64,1
73.86,49.38,0.1249,49.34,29.11,1
28.74,48.1,0.006,39.56,23.88,1
26.76,61.33,0.0679,56.93,24.28,1
59.51,29.33,0.0624,93.76,22.4,1
67.75,56.27,0.0737,95.34,14.12,1
1.69,52.78,0.1646,37.38,20.23,0
1.76,25.88,0.0428,52.48,14.94,0
29.98,62.06,0.3657,83.82,13.97,1
89.86,83.99,0.0508,57.16,11.82,2
22.82,38.91,0.0662,77.13,23.34,0
5.78,60.31,0.3291,35.11,22.02,0
22.54,29.96,0.0152,69.6,29.5,0
57.83,42.97,0.0491,76.23,17.31,1
34.52,75.38,0.0343,61.65,31.08,1
70.77,37.24,0.0144,94.55,22.05,1
24.19,55.15,0.1138,36.99,19.28,1
80.7,54.2,0.0045,48.01,19.88,2
20.92,28.53,0.1856,90.96,29.82,0
85.38,48.26,0.0574,74.15,12.19,2
62.23,86.26,0.0211,83.78,30.05,2
94.37,97.88,0.1416,49.14,19.82,2
71.83,51.2,0.1023,77.18,14.66,1
56.51,69.62,0.0009,57.07,30.7,1
22.87,50.86,0.0251,51.59,30.82,1
72.89,41.74,0.0656,77.03,13.73,1
28.89,41.12,0.252,92.48,14.45,1
76.1,66.12,0.2506,94.67,22.74,1
35.71,60.66,0.0289,67.42,20.39,1
65.66,48.36,0.025,38.9,12.44,1
17.52,55.58,0.0332,88.78,25.76,0
43.66,64.56,0.0332,55.55,30.7,1
94.65,93.01,0.0544,86.29,19.79,2
49.75,33.87,0.0403,86.28,16.65,1
7.12,18.11,0.2827,61.13,22.83,0
81.09,90.41,0.1475,77.39,13.98,2
87.59,66.63,0.0332,64.27,11.37,2
12.79,50.01,0.3615,44.85,20.44,0
30.39,33.85,0.0001,76.8,32.82,1
22.43,55.46,0.0549,50.42,20.38,1
71.26,81.66,0.02,59.38,29.48,2
80.67,88.52,0.0893,77.73,12.54,2
54.45,74.36,0.0183,82.28,23.95,2
95.22,53.46,0.0352,82.39,25.42,2
10.25,32.28,0.0711,53.18,33.15,0
82.75,76.36,0.2538,79.95,25.44,2
86.17,67.15,0.1645,50.33,17.6,2
33.56,74.55,0.1298,67.08,32.26,1
49.63,52.77,0.0178,82.13,27.21,1
38.44,19.04,0.122,82.87,24.01,1
96.7,49.48,0.0703,82.78,27.42,2
17.93,46.4,0.0141,83.71,17.25,0
30.98,42.38,0.2051,73.46,29.38,1
25.05,57.32,0.2365,33.23,27.23,1
5.18,40.82,0.0339,48.92,21.8,0
62.13,48.41,0.0071,83.24,17.61,1
43.28,69.25,0.0404,37.72,20.31,1
94.44,85.45,0.0222,64.54,25.3,2
10.14,35.19,0.0323,56.93,34.1,0
6.75,37.48,0.1339,72.95,23.12,0
34.65,39.12,0.0307,45.79,22.93,1
26.85,36.15,0.0925,37.3,15.17,0
95.14,63.27,0.0097,75.46,22.72,2
64.85,53.37,0.1226,73.09,18.02,1
27.11,44.99,0.2011,89.51,15.76,1
15.48,66.19,0.0226,66.8,28.25,0
68.01,59.32,0.0016,71.78,16.66,1
45.03,81.51,0.0209,74.85,32.29,1
10.19,12.82,0.0568,36.58,29.46,0
91.45,66.1,0.1285,39.69,22.22,2
61.33,58.38,0.0277,78.98,13.76,1
19.93,57.93,0.0316,46.85,15.25,0
45.89,61.54,0.0933,74.96,14.33,1
95.15,92.48,0.2699,72.17,14.25,2
61.68,74.18,0.1339,67.45,13.29,2
37.11,76.25,0.0313,55.82,31.05,1
66.65,87.85,0.0606,74.48,16.64,2
70.55,69.56,0.2753,40.89,27.97,1
29.24,40.06,0.0022,50.99,23.59,1
5.62,34.34,0.1065,46.18,17.91,0
16.05,27.16,0.0205,71.46,31.83,0
81.41,75.17,0.0371,53.14,21.23,2
53.56,46.21,0.0437,85.07,28.11,1
30.78,67.37,0.0438,63.42,32.28,1
87.63,51.82,0.0499,71.97,20.68,2
19.39,65.3,0.1957,76.84,22.81,0
61.05,44.85,0.112,46.86,25.83,1
22.96,29.94,0.0723,41.98,15.52,0
1.91,23.64,0.2215,44.68,21.99,0
10.53,37.47,0.0282,34.52,22.29,0
23.42,32.51,0.3215,69.32,24.97,0
41.58,57.43,0.1211,44.46,22.92,1
41.2,71.95,0.0998,66.07,15.25,1
60.56,35.61,0.1178,48.43,19.81,1
89.57,54.0,0.0709,64.11,10.88,2
79.28,58.27,0.099,79.25,16.1,1
1.0,41.01,0.0767,80.27,31.38,0
84.33,73.47,0.06,49.44,27.88,2
88.26,65.49,0.0079,62.1,26.66,2
90.18,60.49,0.3444,43.01,23.46,2
7.41,20.5,0.1629,56.75,34.57,0
55.91,45.24,0.0466,39.71,19.6,1
46.42,58.76,0.1069,77.17,12.85,1
21.77,50.78,0.1632,78.55,24.88,1
6.65,50.95,0.0876,77.58,29.7,0
80.3,70.07,0.0969,82.57,14.38,2
19.5,58.01,0.1386,86.44,29.2,0
59.72,67.55,0.1001,45.36,21.49,1
71.64,56.91,0.0226,55.99,16.25,1
21.49,39.92,0.0208,36.77,27.85,0
38.28,70.91,0.1077,81.6,18.52,1
69.24,51.76,0.0392,53.09,15.36,1
69.46,51.49,0.0905,52.82,24.77,1
81.49,78.01,0.0093,80.09,18.29,2
43.23,31.76,0.0301,36.34,30.42,1
24.34,48.08,0.039,86.31,31.55,1
32.53,66.74,0.5562,82.78,30.27,2
24.9,52.58,0.1952,92.35,18.58,1
4.04,35.24,0.0139,31.75,22.01,0
78.37,75.07,0.0264,38.7,26.37,2
62.37,66.5,0.004,86.46,24.27,1
56.34,65.01,0.087,95.07,27.32,1
44.23,68.29,0.0493,48.16,24.73,1
92.82,95.42,0.0238,99.02,29.98,2
64.95,65.7,0.1256,72.08,12.82,1
45.48,56.64,0.2842,44.59,22.73,1
69.09,79.9,0.1046,53.43,14.67,2
63.59,68.22,0.0607,76.43,28.57,1
16.97,13.35,0.151,68.28,28.14,0
83.82,83.88,0.067,62.49,13.88,2
57.26,49.55,0.2542,70.72,23.99,1
35.49,26.43,0.0088,69.96,30.84,1
88.29,76.01,0.0237,90.61,28.31,2
19.67,59.21,0.5892,33.77,31.96,2
62.26,80.42,0.0626,87.07,13.13,2
33.53,25.73,0.0074,46.0,17.91,1
46.91,38.46,0.0106,44.74,15.6,1
97.31,86.58,0.0326,87.63,16.66,2
29.94,36.0,0.0139,48.38,20.61,0
67.4,43.06,0.0159,57.3,28.92,1
15.49,17.55,0.0663,49.69,25.49,0
80.38,49.93,0.0156,75.48,16.45,2
48.78,47.09,0.0615,53.27,29.01,1
5.7,41.9,0.0854,70.6,30.26,0
86.22,58.58,0.0772,89.03,30.48,2
88.95,63.91,0.1353,68.45,20.22,2
83.82,54.57,0.1965,62.79,17.37,2
45.4,65.07,0.3025,45.07,24.08,1
57.93,56.15,0.1035,49.58,23.16,1
37.22,59.05,0.0205,50.44,17.51,1
18.28,53.11,0.0336,87.46,33.48,0
57.13,46.09,0.0458,40.93,23.28,1
84.51,81.04,0.0193,78.82,15.18,2
21.82,58.24,0.0001,84.42,29.76,1
62.73,68.17,0.0165,63.77,18.89,1
9.38,33.38,0.0272,85.44,23.89,0
46.63,63.34,0.0168,63.9,21.27,1
59.69,81.22,0.1758,46.21,12.62,2
20.44,42.14,0.0715,68.95,32.19,1
50.99,45.04,0.1827,44.74,12.95,1
44.9,48.46,0.0051,77.97,14.99,1
60.83,46.3,0.1617,59.61,26.97,1
12.55,48.01,0.027,71.9,25.69,0
92.91,67.02,0.1493,53.36,17.26,2
3.01,65.76,0.1102,86.29,20.16,0
61.15,72.73,0.2941,89.21,26.72,2
27.75,32.9,0.3307,33.39,27.93,0
70.62,66.36,0.0585,52.73,18.34,1
83.46,89.01,0.0205,60.7,29.4,2
6.18,18.71,0.0163,88.7,23.63,0
50.15,36.66,0.0637,74.73,27.52,1
75.39,64.3,0.0515,90.61,29.14,1
90.92,70.8,0.1175,55.39,14.27,2
18.46,40.61,0.0128,75.94,24.71,0
28.79,44.86,0.0357,68.64,22.24,1
16.44,26.96,0.0422,75.62,27.35,0
93.16,88.84,0.0836,78.74,28.31,2
39.95,41.71,0.086,61.83,15.38,1
98.06,60.42,0.007,75.5,24.87,2
3.24,39.47,0.0189,64.4,20.76,0
93.83,88.86,0.4108,54.96,29.7,2
43.12,42.56,0.0257,71.15,17.9,1
57.76,60.5,0.1735,85.02,21.66,1
35.08,39.24,0.0235,38.59,22.58,1
48.21,76.52,0.025,57.68,28.76,1
82.36,52.83,0.2696,45.35,29.56,2
68.39,61.99,0.0033,65.37,19.74,1
16.12,49.56,0.1254,35.72,22.55,0
11.64,47.53,0.2788,70.87,15.95,0
35.47,57.52,0.1686,70.26,20.7,1
25.53,23.83,0.0438,57.34,27.24,0
65.82,33.82,0.0171,86.22,12.55,1
41.92,33.2,0.2115,67.61,17.53,1
50.24,67.8,0.0994,59.22,27.54,1
53.13,68.59,0.0559,79.2,28.83,1
14.64,63.51,0.0564,54.21,32.57,0
25.12,62.96,0.0662,63.36,19.91,1
57.3,48.71,0.1303,56.48,25.56,1
80.54,91.65,0.0511,85.05,16.29,2
99.03,59.15,0.1165,47.13,28.82,2
18.12,53.74,0.0252,50.24,25.02,0
41.72,33.19,0.1416,88.05,14.6,1
39.31,24.69,0.0017,73.63,25.08,1
16.3,30.67,0.261,56.81,15.2,0
3.94,38.48,0.0499,32.11,26.47,0
1.13,49.37,0.0888,53.97,34.42,0
54.42,45.34,0.1236,51.73,30.36,1
37.47,51.99,0.1786,82.09,17.61,1
22.61,56.89,0.2665,37.98,22.87,1
33.75,52.5,0.0407,57.05,23.91,1
16.14,43.18,0.1637,77.22,17.27,0
14.92,23.61,0.1138,34.89,14.95,0
39.19,51.78,0.0215,72.41,18.24,1
88.61,85.22,0.053,53.29,24.02,2
82.61,72.94,0.1739,62.08,14.0,2
73.8,51.56,0.0085,96.93,14.43,1
98.84,100.0,0.1579,79.45,21.61,2
86.61,70.52,0.053,64.31,17.28,2
56.42,72.01,0.0225,91.71,25.96,2
82.33,65.98,0.145,53.41,28.19,2
10.28,17.03,0.387,71.46,31.42,0
32.43,65.13,0.1147,67.76,21.96,1
27.59,67.08,0.0257,74.3,18.29,1
62.53,73.79,0.1893,38.95,26.56,2
34.13,42.64,0.2643,53.33,22.6,1
1.37,9.27,0.0794,40.62,20.85,0
66.38,94.38,0.0052,90.06,23.22,2
56.39,49.23,0.2492,60.03,15.05,1
71.47,58.55,0.0745,79.02,29.43,1
79.22,77.34,0.0351,37.99,16.48,2
21.79,52.55,0.1004,67.79,14.24,1
72.88,58.65,0.042,45.36,13.24,1
83.15,98.89,0.1049,44.52,18.88,2
72.89,73.57,0.0294,38.06,22.16,2
85.12,98.7,0.0834,69.38,12.45,2
54.89,43.15,0.0275,41.19,18.55,1
9.66,30.23,0.4369,57.61,25.15,2
87.36,100.0,0.0396,57.08,18.69,2
67.25,72.7,0.0379,44.72,24.29,2
12.83,49.56,0.14,83.65,24.36,0
73.02,75.48,0.0207,38.84,17.04,2
44.3,56.77,0.0134,92.24,14.95,1
47.85,60.5,0.078,39.95,13.75,1
10.55,35.75,0.1015,80.26,15.3,0
49.81,65.68,0.0291,53.45,24.78,1
89.79,94.36,0.0454,77.44,19.83,2
18.99,55.55,0.0813,53.42,32.28,0
2.09,21.49,0.1126,53.97,30.02,0
45.42,54.93,0.2729,49.59,15.14,1
58.45,78.88,0.0414,66.2,15.32,2
65.81,85.38,0.0601,57.86,19.72,2
11.51,49.8,0.1078,57.67,27.39,0
6.14,46.37,0.2822,69.54,33.78,0
15.14,47.18,0.0513,51.8,16.78,0
39.17,42.84,0.1326,46.45,14.21,1
55.24,62.92,0.0424,83.7,23.04,1
7.93,46.6,0.2386,54.57,20.53,0
14.35,33.17,0.0084,87.81,29.39,0
58.66,67.96,0.0084,64.48,24.67,1
82.87,83.3,0.0133,90.79,30.28,2
17.72,52.7,0.0041,56.1,24.44,0
58.06,78.91,0.1659,92.84,12.54,2
98.25,63.84,0.1684,56.65,12.73,2
43.99,57.04,0.0915,88.54,20.47,1
21.63,40.05,0.005,81.39,30.45,1
58.8,52.44,0.1748,73.77,27.75,1
59.86,61.57,0.3169,68.45,24.11,1
22.05,43.66,0.0061,68.47,29.17,1
52.34,43.74,0.1098,40.04,21.22,1
16.34,23.37,0.0053,55.5,24.42,0
48.33,42.2,0.1827,43.55,22.7,1
6.2,24.52,0.2104,64.09,33.89,0
4.87,26.33,0.0045,41.6,25.58,0
64.56,35.83,0.0186,44.07,14.24,1
51.86,41.94,0.0443,94.56,26.09,1
94.9,59.98,0.008,39.74,23.66,2
64.18,45.68,0.0673,61.34,12.27,1
33.54,39.92,0.0379,56.94,18.06,1
9.7,26.15,0.1597,71.62,25.45,0
47.51,74.21,0.0431,81.7,32.47,1
24.07,61.56,0.1776,45.89,21.78,1
40.97,77.8,0.0407,77.95,21.35,1
57.84,72.1,0.163,87.77,13.3,2
69.21,51.08,0.0515,68.1,31.47,1
13.52,38.1,0.0504,39.33,17.5,0
94.93,89.04,0.1106,68.52,18.62,2
35.78,48.13,0.0857,43.27,22.65,1
55.35,64.05,0.0026,56.82,27.84,1
56.39,41.55,0.1187,69.68,28.11,1
73.5,64.35,0.0303,62.5,23.31,1
51.37,44.78,0.0006,64.91,18.14,1
73.46,43.78,0.0192,65.65,13.16,1
62.57,63.17,0.0523,67.54,29.8,1
19.63,20.13,0.2213,67.78,30.22,0
42.97,70.05,0.2442,68.62,16.47,1
26.88,26.61,0.081,67.97,22.19,0
61.54,33.36,0.0092,46.46,22.28,1
21.4,38.92,0.0014,71.1,27.31,0
79.87,86.6,0.002,47.21,28.73,2
45.85,62.87,0.2684,94.4,27.11,1
28.72,71.21,0.005,46.74,31.51,1
25.62,41.53,0.0273,78.04,28.92,1
31.26,43.04,0.0235,91.72,26.35,1
93.45,66.02,0.1177,97.28,18.2,2
13.07,52.49,0.1307,65.81,18.48,0
50.45,55.28,0.1367,48.98,20.58,1
26.92,25.96,0.153,87.25,21.06,0
75.13,83.21,0.313,60.11,18.03,2
6.24,38.66,0.0115,45.54,21.03,0
80.88,90.04,0.1947,83.97,13.89,2
69.03,82.71,0.1147,56.8,21.56,2
64.57,59.56,0.1621,88.14,14.52,1
95.24,60.9,0.1086,84.63,26.48,2
94.57,68.62,0.1132,54.6,27.73,2
16.89,23.8,0.1264,60.22,31.14,0
38.34,34.64,0.021,77.06,23.31,1
60.43,63.36,0.1764,85.82,26.17,1
10.54,62.25,0.0451,83.81,28.98,0
11.26,40.18,0.2175,33.96,33.67,0
67.92,64.15,0.2848,54.69,27.11,1
39.31,28.5,0.0011,66.59,32.55,1
36.91,44.03,0.0581,86.49,23.26,1
50.78,26.57,0.4059,50.08,13.93,2
66.31,58.1,0.1537,48.37,28.09,1
64.87,47.97,0.0613,51.89,26.8,1
51.29,50.52,0.0423,38.41,16.52,1
41.87,37.12,0.0,89.09,29.78,1
74.23,49.69,0.0563,44.57,21.54,1
34.88,43.53,0.0971,76.61,15.47,1
3.56,67.4,0.0417,57.01,28.33,0
50.89,71.19,0.201,35.68,28.02,2
46.07,79.48,0.1405,49.52,23.46,1
99.21,92.51,0.0102,82.3,16.95,2
0.7,33.78,0.0411,79.72,14.98,0
30.78,31.61,0.0266,37.17,17.2,1
55.55,37.63,0.2087,89.87,22.08,1
33.02,22.4,0.3066,36.92,19.3,1
29.81,40.26,0.0131,71.08,15.99,1
7.05,55.54,0.0211,79.98,25.54,0
7.79,63.82,0.0185,82.02,14.88,0
51.18,66.88,0.273,89.67,28.83,1
88.82,50.52,0.0473,62.48,21.45,2
15.99,45.88,0.0183,50.22,24.27,0
79.64,73.86,0.0792,43.21,18.57,2
41.35,30.63,0.032,91.47,32.01,1
35.23,24.26,0.2952,42.0,28.51,1
10.87,57.49,0.0481,77.6,21.31,0
62.77,50.62,0.0072,56.36,18.14,1
63.56,55.63,0.0161,72.14,28.11,1
38.21,28.83,0.0357,72.39,25.11,1
69.61,52.42,0.1737,49.21,20.9,1
80.09,57.53,0.0026,79.41,17.32,2
5.57,37.18,0.0275,53.77,16.33,0
14.72,30.75,0.0132,49.93,32.79,0
16.17,63.68,0.023,76.11,25.13,0
88.45,66.13,0.0182,93.83,17.13,2
37.21,63.66,0.0414,90.84,27.9,1
59.74,70.28,0.1362,91.13,20.49,2
34.21,70.78,0.0589,62.76,20.32,1
90.95,78.29,0.0418,65.12,27.42,2
36.33,67.14,0.283,71.03,28.02,1
80.51,81.68,0.0514,78.48,19.98,2
74.9,57.16,0.1007,48.67,26.24,1
54.57,47.08,0.0659,48.42,31.62,1
71.51,82.24,0.0557,65.66,29.38,2
52.5,64.63,0.0132,47.61,12.39,1
3.93,52.38,0.0278,70.19,31.59,0
55.07,43.04,0.1314,81.69,31.75,1
57.36,57.66,0.1045,39.84,30.08,1
11.94,33.06,0.05,59.6,31.49,0
34.0,73.23,0.0092,80.01,30.25,1
18.18,41.37,0.0766,69.94,18.02,0
21.17,16.37,0.0389,65.7,31.1,0
66.69,58.69,0.03,39.84,26.19,1
12.13,33.84,0.076,65.08,26.41,0
16.63,37.37,0.1301,87.02,29.41,0
59.17,43.7,0.1099,73.32,24.09,1
48.98,57.24,0.022,83.21,16.27,1
8.5,24.8,0.1074,57.11,20.11,0
55.82,39.35,0.1336,37.78,21.7,1
33.63,69.62,0.0012,66.53,28.13,1
48.5,33.76,0.0952,49.05,22.24,1
42.91,33.27,0.0112,84.54,17.65,1
19.5,38.12,0.0037,35.11,30.71,0
11.8,17.97,0.0576,81.82,19.66,0
42.17,39.71,0.0846,54.16,19.2,1
10.66,25.49,0.0105,77.06,33.79,0
97.01,100.0,0.0336,77.55,19.26,2
48.2,71.18,0.0331,53.9,31.08,1
5.62,37.55,0.0791,45.55,21.58,0
85.2,75.87,0.0723,44.5,11.06,2
96.37,63.71,0.1149,95.59,21.69,2
12.61,45.04,0.1454,55.65,31.97,0
64.87,76.16,0.0371,48.59,29.93,2
76.04,75.83,0.0358,48.65,26.33,2
47.42,38.03,0.0395,62.85,15.59,1
98.47,60.41,0.014,52.06,25.46,2
42.55,61.85,0.2165,39.46,23.64,1
91.32,64.81,0.1769,47.15,29.14,2
75.14,81.63,0.2784,54.05,17.89,2
70.08,83.4,0.2651,49.3,27.46,2
73.85,35.23,0.0363,96.36,24.16,1
71.77,83.64,0.0474,85.29,20.1,2
86.95,59.54,0.05,75.19,19.54,2
74.24,47.22,0.006,55.42,20.77,1
16.8,31.42,0.0875,84.74,17.19,0
59.78,66.46,0.0544,78.04,20.23,1
50.46,35.9,0.0039,57.14,32.06,1
42.07,58.29,0.2407,77.24,24.54,1
79.78,77.54,0.0488,95.98,24.95,2
8.32,43.32,0.0655,34.96,25.58,0
41.72,73.21,0.0816,37.45,32.35,1
51.26,42.66,0.0634,86.6,18.53,1
19.27,29.09,0.0638,45.58,17.36,0
33.27,66.75,0.042,92.61,23.04,1
17.92,70.79,0.4117,34.8,16.04,2
72.05,51.2,0.0204,39.57,11.83,1
77.45,59.45,0.0559,39.37,26.8,1
1.05,44.93,0.2238,56.08,25.66,0
47.7,54.03,0.2616,92.49,22.79,1
45.28,34.22,0.3191,43.1,24.33,1
28.26,35.81,0.0086,42.1,22.38,0
51.05,40.23,0.038,40.32,18.51,1
96.66,99.89,0.2403,40.04,26.38,2
94.84,43.2,0.0176,97.13,21.01,2
1.42,32.73,0.1321,89.87,20.68,0
53.82,55.79,0.052,45.53,31.86,1
85.33,62.18,0.0785,80.23,21.04,2
99.03,82.78,0.0464,86.23,13.46,2
38.45,49.9,0.0662,81.49,24.61,1
34.21,62.45,0.0272,46.88,23.38,1
26.08,21.71,0.059,90.63,25.12,0
86.34,62.49,0.0842,90.71,22.34,2
71.8,56.86,0.0502,89.2,16.29,1
96.67,92.14,0.0285,60.55,28.08,2
96.66,72.29,0.1164,56.07,24.9,2
5.17,4.55,0.0488,51.72,21.05,0
49.1,42.69,0.3685,59.58,21.44,1
57.65,77.4,0.0277,76.64,26.44,2
60.73,36.43,0.0907,80.45,16.18,1
84.16,46.11,0.1857,66.04,15.14,2
13.38,69.05,0.0787,38.88,20.13,0
23.88,22.59,0.053,74.63,18.16,0
36.67,41.06,0.007,52.68,18.5,1
50.59,72.78,0.1954,85.75,19.66,2
68.72,53.9,0.001,61.42,18.15,1
69.34,74.36,0.0363,85.63,17.41,2
44.63,67.61,0.0941,89.37,15.9,1
75.18,62.72,0.0321,65.98,17.92,1
57.93,87.36,0.0731,38.86,16.76,2
49.2,50.32,0.0201,65.17,19.0,1
25.81,45.54,0.0112,79.13,29.87,1
76.78,49.99,0.1033,87.74,22.71,1
64.64,56.15,0.1019,41.35,20.47,1
29.27,49.14,0.0143,74.43,29.44,1
16.34,9.89,0.0113,70.61,31.54,0
82.82,84.64,0.0078,45.03,11.85,2
25.75,23.65,0.2864,69.2,30.41,0
71.04,36.88,0.1332,53.61,24.23,1
34.1,69.02,0.2669,34.89,27.23,1
72.53,76.01,0.3667,95.79,12.68,2
82.18,70.79,0.105,97.17,29.13,2
43.91,31.31,0.045,83.97,26.83,1
45.93,25.84,0.2639,73.06,18.94,1
52.53,21.83,0.3596,56.86,21.93,1
35.53,64.61,0.0312,52.49,15.73,1
65.55,42.94,0.0911,88.74,29.54,1
44.9,52.06,0.1722,49.17,21.18,1
83.88,84.6,0.0279,71.42,14.66,2
10.19,62.39,0.005,81.64,23.25,0
34.24,54.42,0.0096,78.82,24.94,1
18.66,32.62,0.0018,34.81,25.52,0
81.95,60.6,0.043,73.98,16.39,2
2.66,53.77,0.1354,70.78,18.98,0
35.25,39.65,0.0139,74.1,30.41,1
96.27,81.54,0.0963,86.52,24.25,2
83.45,52.61,0.1376,89.4,16.55,2
64.04,45.35,0.1246,46.96,16.51,1
49.44,76.95,0.0238,43.6,27.71,1
50.06,77.59,0.0265,44.41,26.17,2
59.37,66.7,0.037,62.82,20.14,1
98.41,59.18,0.0831,54.98,28.39,2
26.57,58.66,0.0109,72.05,31.81,1
16.87,68.46,0.113,49.78,17.92,0
30.37,26.45,0.0155,39.32,21.94,1
79.56,50.63,0.022,43.81,14.36,1
92.37,83.53,0.0437,78.59,21.13,2
67.71,64.28,0.004,64.11,29.43,1
56.95,78.22,0.4782,45.51,25.99,2
67.43,89.68,0.0113,83.58,29.83,2
38.28,53.66,0.0562,60.09,19.29,1
76.21,89.15,0.0291,41.66,16.55,2
91.22,81.07,0.1277,54.55,24.83,2
2.81,24.86,0.1732,44.38,27.91,0
40.52,57.81,0.0114,35.07,31.17,1
26.96,66.03,0.3365,87.65,23.71,1
79.51,42.45,0.3791,95.81,14.3,1
29.94,31.03,0.0475,38.3,20.35,0
98.14,77.82,0.0538,49.81,29.82,2
82.08,57.96,0.2642,68.01,27.75,2
44.59,58.34,0.1316,44.9,19.99,1
63.73,41.76,0.5579,64.85,28.13,2
43.21,56.24,0.0905,87.52,21.06,1
60.43,60.21,0.0098,37.04,29.45,1
23.65,28.77,0.1332,51.57,23.94,0
16.25,71.7,0.0155,32.14,14.59,0
58.66,53.67,0.073,36.31,20.52,1
71.81,56.42,0.1677,72.49,15.62,1
23.67,54.73,0.1772,57.3,18.98,1
86.7,74.75,0.0228,76.28,17.84,2
99.56,59.26,0.0665,73.91,28.36,2
80.08,67.78,0.0678,49.55,20.27,2
24.58,73.66,0.0409,89.59,24.43,1
63.15,60.83,0.0104,73.69,20.78,1
77.8,47.44,0.018,62.16,29.64,1
71.04,55.08,0.4172,77.09,17.16,2
58.58,39.08,0.3377,46.35,25.03,1
24.55,59.16,0.0953,86.0,15.35,1
33.09,41.18,0.4424,56.67,28.0,2
68.47,44.01,0.053,50.91,11.97,1
87.94,88.71,0.0418,59.1,10.74,2
68.03,77.53,0.1561,73.78,12.5,2
62.25,49.36,0.046,82.41,28.11,1
40.04,80.41,0.0661,87.86,31.15,1
8.74,57.9,0.1746,78.35,18.58,0
80.51,85.12,0.0051,47.05,21.73,2
57.58,65.1,0.0017,93.38,13.01,1
14.31,20.04,0.1096,80.79,14.55,0
54.2,55.22,0.0691,39.75,25.98,1
50.32,62.44,0.1045,45.38,29.93,1
61.31,42.14,0.3279,67.23,13.39,1
62.68,50.33,0.3861,66.38,20.96,1
75.35,49.24,0.0792,70.31,13.02,1
41.8,68.2,0.2078,41.91,27.31,1
10.12,43.17,0.044,78.35,19.17,0
63.92,50.71,0.0136,88.39,23.68,1
12.71,38.38,0.0175,73.29,29.54,0
10.58,42.77,0.0767,54.71,31.44,0
49.3,53.41,0.0674,85.74,29.17,1
40.35,56.58,0.0272,81.67,22.71,1
33.4,27.17,0.0273,90.3,19.43,1
16.89,42.22,0.0802,53.08,23.1,0
96.55,57.74,0.0299,54.26,19.33,2
75.95,57.82,0.0414,71.42,15.3,1
74.2,40.2,0.1914,49.31,28.78,1
35.25,63.37,0.0135,44.24,23.1,1
8.19,21.68,0.2878,89.41,22.12,0
92.33,78.79,0.1076,98.58,15.68,2
67.21,34.23,0.0121,36.96,31.63,1
80.23,71.87,0.0164,55.1,18.51,2
75.63,67.7,0.0081,38.64,13.27,1
41.05,78.91,0.0628,55.8,15.12,1
87.59,86.85,0.0184,69.49,20.37,2
62.51,88.22,0.0052,40.03,15.62,2
3.25,60.18,0.1285,38.49,31.56,0
15.48,27.82,0.0294,60.88,22.37,0
98.66,45.51,0.0153,43.04,22.58,2
5.45,69.39,0.0825,40.79,18.68,0
31.88,59.23,0.0236,40.17,32.81,1
2.2,47.61,0.0146,38.96,28.84,0
64.28,79.69,0.2772,77.94,14.9,2
24.34,57.99,0.2526,71.45,15.59,1
94.79,68.89,0.0411,63.61,11.29,2
49.65,27.58,0.1482,83.16,15.59,1
36.66,37.73,0.0164,81.57,27.31,1
19.04,37.29,0.0129,91.06,29.66,0
39.02,50.42,0.2423,67.15,16.54,1
37.87,74.06,0.2016,87.43,31.5,1
9.48,47.46,0.1349,76.36,26.66,0
16.68,54.3,0.0623,42.11,20.92,0
1.81,31.93,0.0798,67.36,28.18,0
83.63,54.24,0.3986,44.21,16.88,2
63.82,59.18,0.2636,40.32,22.8,1
59.09,62.57,0.1856,47.61,28.58,1
56.27,63.94,0.125,48.08,23.56,1
86.77,66.06,0.0154,62.04,29.7,2
31.97,68.71,0.2131,54.21,15.07,1
